id,team,seasonIndex,stageIndex,weekIndex,totalLosses,totalTies,totalWins,rank,prevRank,ptsAgainstRank,ptsForRank,offPassYdsRank,offRushYdsRank,offTotalYdsRank,defPassYdsRank,defRushYdsRank,defTotalYdsRank
11223237,Buccaneers,0,0,0,0,0,0,14,0,4,29,29,29,29,4,4,4
11223221,Packers,0,0,0,0,0,0,16,0,16,17,17,17,17,16,16,16
11223219,Chiefs,0,0,0,0,0,0,20,0,7,26,26,26,26,7,7,7
11223231,Dolphins,0,0,0,1,0,0,29,0,30,6,2,7,4,26,28,26
11223239,Giants,0,0,0,0,0,0,10,0,12,21,21,21,21,12,12,12
11223226,Rams,0,0,0,0,0,0,7,0,18,15,15,15,15,18,18,18
11223220,Lions,0,0,0,0,0,0,15,0,15,18,18,18,18,15,15,15
11223230,Colts,0,0,0,0,0,0,27,0,8,25,25,25,25,8,8,8
11223232,Patriots,0,0,0,0,0,0,22,0,17,16,16,16,16,17,17,17
11223216,Bills,0,0,0,0,0,0,23,0,2,31,31,31,31,2,2,2
11223223,Panthers,0,0,0,0,0,1,4,0,28,2,1,3,1,30,29,30
11223240,49ers,0,0,0,0,0,0,6,0,1,32,32,32,32,1,1,1
11223224,Cowboys,0,0,0,0,0,0,9,0,10,23,23,23,23,10,10,10
11223211,Ravens,0,0,0,0,0,0,2,0,19,14,14,14,14,19,19,19
11223217,Broncos,0,0,0,0,0,0,18,0,3,30,30,30,30,3,3,3
11223218,Chargers,0,0,0,0,0,0,19,0,6,27,27,27,27,6,6,6
11223227,Bengals,0,0,0,1,0,0,32,0,32,7,5,8,8,25,32,31
11223228,Jaguars,0,0,0,0,0,0,24,0,13,20,20,20,20,13,13,13
11223229,Titans,0,0,0,0,0,0,25,0,23,10,10,10,10,23,23,23
11223233,Raiders,0,0,0,1,0,0,31,0,29,8,4,6,6,27,31,28
11223236,Saints,0,0,0,0,0,0,13,0,20,13,13,13,13,20,20,20
11223242,Cardinals,0,0,0,0,0,0,8,0,5,28,28,28,28,5,5,5
11223238,Eagles,0,0,0,0,0,1,1,0,26,1,8,1,2,28,25,25
11223241,Seahawks,0,0,0,0,0,1,3,0,25,4,6,2,5,29,27,27
11223212,Steelers,0,0,0,0,0,0,28,0,21,12,12,12,12,21,21,21
11223213,Browns,0,0,0,1,0,0,30,0,31,5,3,4,3,32,30,32
11223214,Texans,0,0,0,0,0,0,26,0,22,11,11,11,11,22,22,22
11223234,Bears,0,0,0,0,0,1,5,0,27,3,7,5,7,31,26,29
11223225,Commanders,0,0,0,0,0,0,11,0,9,24,24,24,24,9,9,9
11223215,Jets,0,0,0,0,0,0,21,0,14,19,19,19,19,14,14,14
11223222,Vikings,0,0,0,0,0,0,17,0,24,9,9,9,9,24,24,24
11223235,Falcons,0,0,0,0,0,0,12,0,11,22,22,22,22,11,11,11
11233459,Bills,0,0,3,2,1,0,29,0,16,29,15,23,21,17,20,17
11233481,Eagles,0,0,3,0,0,3,4,0,14,3,25,1,5,8,5,4
11233456,Ravens,0,0,3,1,0,2,5,0,2,10,26,10,27,4,8,3
11233477,Bears,0,0,3,1,0,2,15,0,6,19,32,11,30,22,13,18
11233470,Bengals,0,0,3,2,0,1,28,0,20,30,30,29,31,3,32,29
11233464,Packers,0,0,3,2,0,1,17,0,21,15,19,14,16,12,24,12
11233467,Cowboys,0,0,3,1,0,2,7,0,5,28,8,28,25,5,17,6
11233466,Panthers,0,0,3,0,0,3,3,0,12,2,5,9,3,11,27,10
11233471,Jaguars,0,0,3,0,0,3,1,0,1,16,18,19,19,6,1,2
11233458,Jets,0,0,3,2,0,1,19,0,31,5,6,15,8,32,23,32
11233483,49ers,0,0,3,1,0,2,11,0,8,7,20,5,11,20,11,11
11233479,Saints,0,0,3,2,0,1,22,0,15,23,3,31,7,14,21,13
11233475,Patriots,0,0,3,2,0,1,18,0,22,9,2,32,2,28,2,21
11233482,Giants,0,0,3,1,1,1,16,0,30,4,1,30,1,31,15,30
11233472,Titans,0,0,3,2,0,1,23,0,23,20,27,22,28,16,22,20
11233487,Browns,0,0,3,3,0,0,30,0,25,22,10,17,12,10,29,22
11233465,Vikings,0,0,3,2,0,1,27,0,29,26,12,25,22,19,28,24
11233476,Raiders,0,0,3,3,0,0,31,0,18,32,31,26,32,2,31,14
11233485,Cardinals,0,0,3,1,0,2,10,0,9,6,14,16,13,1,16,1
11233461,Chargers,0,0,3,2,0,1,24,0,24,21,13,18,14,27,19,28
11233478,Falcons,0,0,3,2,0,1,21,0,17,12,16,8,10,23,14,19
11233468,Commanders,0,0,3,2,0,1,25,0,26,25,7,24,17,25,18,27
11233474,Dolphins,0,0,3,3,0,0,32,0,27,24,9,21,15,18,25,23
11233457,Texans,0,0,3,1,0,2,9,0,19,1,17,2,4,30,4,26
11233469,Rams,0,0,3,0,0,3,2,0,3,14,24,4,18,24,7,16
11233480,Buccaneers,0,0,3,1,0,2,13,0,4,18,11,7,9,15,3,7
11233484,Seahawks,0,0,3,1,0,2,14,0,7,13,28,3,23,9,26,9
11233460,Broncos,0,0,3,2,0,1,26,0,32,17,21,12,20,29,9,25
11233486,Steelers,0,0,3,2,0,1,20,0,13,31,23,27,29,21,12,15
11233473,Colts,0,0,3,1,0,2,8,0,11,27,29,6,26,7,6,5
11233462,Chiefs,0,0,3,1,0,2,12,0,10,11,22,13,24,13,10,8
11233463,Lions,0,0,3,1,0,2,6,0,28,8,4,20,6,26,30,31
11237117,Packers,0,1,0,1,0,0,20,0,17,22,16,13,18,19,25,20
11237134,Eagles,0,1,0,0,0,1,5,0,20,7,12,1,1,22,26,26
11237129,Raiders,0,1,0,1,0,0,16,0,19,20,22,2,11,14,21,14
11237118,Vikings,0,1,0,0,0,1,9,0,16,14,8,16,15,16,14,12
11237132,Saints,0,1,0,1,0,0,22,0,32,19,6,17,12,24,29,28
11237126,Colts,0,1,0,0,0,1,1,0,21,2,5,6,2,12,28,16
11237137,Cardinals,0,1,0,0,0,1,7,0,14,1,9,4,5,27,16,21
11237133,Buccaneers,0,1,0,0,0,0,26,0,2,31,31,31,31,2,2,2
11237122,Rams,0,1,0,0,0,0,23,0,7,26,26,26,26,7,7,7
11237115,Chiefs,0,1,0,1,0,0,18,0,29,11,3,22,16,18,23,19
11237112,Bills,0,1,0,0,0,1,10,0,26,5,2,15,3,29,13,23
11237125,Titans,0,1,0,0,0,0,30,0,10,23,23,23,23,10,10,10
11237119,Panthers,0,1,0,0,0,0,24,0,6,27,27,27,27,6,6,6
11237128,Patriots,0,1,0,0,0,1,8,0,13,15,19,12,19,11,31,22
11237136,49ers,0,1,0,1,0,0,15,0,15,21,20,14,20,15,12,11
11237130,Bears,0,1,0,1,0,0,14,0,18,18,17,19,21,25,17,18
11237120,Cowboys,0,1,0,1,0,0,17,0,27,13,11,7,7,21,32,32
11237121,Commanders,0,1,0,1,0,0,19,0,30,10,10,9,9,32,15,29
11237131,Falcons,0,1,0,0,0,0,25,0,3,30,30,30,30,3,3,3
11237111,Jets,0,1,0,0,0,0,28,0,5,28,28,28,28,5,5,5
11237109,Ravens,0,1,0,1,0,0,12,0,28,6,4,20,10,31,18,30
11237110,Texans,0,1,0,0,0,0,31,0,9,24,24,24,24,9,9,9
11237113,Broncos,0,1,0,0,0,0,27,0,1,32,32,32,32,1,1,1
11237116,Lions,0,1,0,0,0,1,2,0,11,16,14,8,13,17,20,15
11237114,Chargers,0,1,0,0,0,1,4,0,22,4,15,10,14,30,11,17
11237135,Giants,0,1,0,0,0,1,3,0,23,3,1,18,4,23,24,24
11237140,Browns,0,1,0,0,0,1,11,0,24,8,7,11,6,20,30,25
11237123,Bengals,0,1,0,1,0,0,13,0,25,9,13,3,8,26,22,27
11237139,Steelers,0,1,0,0,0,0,32,0,8,25,25,25,25,8,8,8
11237124,Jaguars,0,1,0,0,0,0,29,0,4,29,29,29,29,4,4,4
11237127,Dolphins,0,1,0,1,0,0,21,0,31,12,21,5,17,28,27,31
11237138,Seahawks,0,1,0,0,0,1,6,0,12,17,18,21,22,13,19,13
11250607,Texans,0,1,1,1,0,1,22,31,24,11,5,14,9,26,27,30
11250605,Steelers,0,1,1,1,0,1,21,32,22,8,3,27,14,13,29,18
11250610,Jets,0,1,1,1,0,1,13,28,23,14,25,4,17,31,5,27
11250601,Buccaneers,0,1,1,1,0,1,20,26,29,9,2,9,5,24,31,31
11250604,Seahawks,0,1,1,1,0,1,16,6,12,23,23,15,22,21,13,14
11250592,Broncos,0,1,1,1,0,1,19,27,15,25,20,25,23,8,14,8
11250599,Raiders,0,1,1,1,0,1,11,16,17,6,21,1,6,22,16,20
11250584,Chiefs,0,1,1,2,0,0,26,18,26,26,9,26,18,20,26,26
11250597,Colts,0,1,1,0,0,2,3,1,6,4,4,5,2,10,22,11
11250586,Lions,0,1,1,1,0,1,14,2,11,27,6,22,16,19,19,16
11250611,Vikings,0,1,1,0,0,1,6,9,5,22,26,29,30,2,2,2
11250603,Eagles,0,1,1,0,0,2,7,5,7,10,15,3,4,18,23,21
11250593,Chargers,0,1,1,1,0,1,18,4,30,5,8,11,8,25,25,28
11250596,Titans,0,1,1,2,0,0,29,30,18,31,29,24,28,9,15,10
11250588,Giants,0,1,1,0,0,1,8,3,16,2,19,32,25,5,7,4
11250606,Browns,0,1,1,1,0,1,17,11,13,21,10,20,15,15,28,22
11250589,49ers,0,1,1,1,0,0,32,15,3,32,31,28,31,1,1,1
11250612,Falcons,0,1,1,0,0,1,5,25,20,3,27,13,24,14,3,7
11250608,Bears,0,1,1,1,0,1,10,14,8,15,18,18,21,28,4,17
11250595,Jaguars,0,1,1,0,0,1,9,29,1,30,32,31,32,3,9,3
11250582,Panthers,0,1,1,2,0,0,25,24,21,29,13,10,10,12,32,23
11250581,Patriots,0,1,1,0,0,2,4,8,2,19,16,17,20,11,30,19
11250600,Saints,0,1,1,1,0,0,30,22,31,28,24,30,29,6,11,6
11250583,Cowboys,0,1,1,1,0,0,28,17,27,18,28,23,26,4,24,9
11250602,Cardinals,0,1,1,0,0,2,2,7,4,1,14,2,1,27,10,24
11250590,Rams,0,1,1,1,0,1,23,23,10,17,17,7,11,23,12,13
11250609,Commanders,0,1,1,2,0,0,27,19,32,20,12,12,12,32,17,32
11250594,Bengals,0,1,1,1,0,0,31,13,25,12,30,21,27,7,6,5
11250587,Bills,0,1,1,0,0,2,1,10,19,7,1,19,3,16,18,12
11250598,Dolphins,0,1,1,2,0,0,24,21,28,24,22,6,19,30,21,29
11250591,Ravens,0,1,1,1,0,1,12,12,14,16,11,16,13,29,8,25
11250585,Packers,0,1,1,1,0,1,15,20,9,13,7,8,7,17,20,15
11257873,Commanders,0,1,2,2,0,1,27,27,30,17,12,6,9,32,10,29
11257854,Rams,0,1,2,2,0,1,28,23,12,21,15,9,14,14,21,16
11257850,Lions,0,1,2,2,0,1,24,14,11,28,4,27,12,19,20,19
11257861,Colts,0,1,2,0,0,3,1,3,2,3,7,4,1,11,13,12
11257852,Giants,0,1,2,1,0,2,6,8,18,13,8,29,16,18,14,18
11257865,Buccaneers,0,1,2,1,0,1,18,20,29,5,18,21,22,8,26,13
11257851,Bills,0,1,2,0,1,2,4,1,10,14,5,19,6,3,18,8
11257846,Panthers,0,1,2,2,0,0,32,25,21,31,27,24,28,2,27,4
11257876,Falcons,0,1,2,1,0,1,14,5,25,6,25,11,23,15,5,7
11257853,49ers,0,1,2,1,0,1,17,32,20,15,23,23,25,5,1,2
11257847,Cowboys,0,1,2,2,0,1,22,28,19,23,3,22,8,27,30,31
11257855,Ravens,0,1,2,1,0,2,9,12,9,20,13,16,15,30,7,26
11257856,Broncos,0,1,2,1,0,1,16,19,15,27,30,32,32,1,6,1
11257874,Jets,0,1,2,1,0,1,13,13,27,12,32,8,30,17,2,6
11257857,Chargers,0,1,2,1,0,1,15,18,31,4,22,26,26,9,11,9
11257858,Bengals,0,1,2,1,0,2,12,31,17,7,2,17,3,26,23,27
11257859,Jaguars,0,1,2,1,0,1,20,9,3,30,31,31,31,4,9,3
11257860,Titans,0,1,2,3,0,0,31,29,24,32,26,30,29,12,24,15
11257863,Raiders,0,1,2,2,0,1,21,11,23,9,16,2,4,23,25,23
11257864,Saints,0,1,2,3,0,0,30,30,32,19,11,18,13,28,31,32
11257866,Cardinals,0,1,2,0,0,2,3,2,1,1,28,3,17,13,4,5
11257875,Vikings,0,1,2,1,0,2,5,6,14,11,9,14,10,29,8,24
11257867,Eagles,0,1,2,0,0,3,2,7,5,10,20,1,5,22,15,21
11257868,Seahawks,0,1,2,1,0,2,7,16,8,18,24,7,21,16,17,17
11257869,Steelers,0,1,2,1,0,2,11,21,26,2,1,13,2,25,29,28
11257870,Browns,0,1,2,1,0,2,10,17,7,25,19,10,19,20,22,20
11257871,Texans,0,1,2,1,0,1,19,22,28,8,21,28,27,10,12,11
11257845,Patriots,0,1,2,1,0,2,8,4,22,16,6,20,7,21,32,30
11257872,Bears,0,1,2,2,0,1,23,10,4,26,17,12,18,31,3,25
11257849,Packers,0,1,2,2,0,1,25,15,6,22,10,15,11,7,28,14
11257848,Chiefs,0,1,2,2,0,1,26,26,13,24,14,25,20,6,16,10
11257862,Dolphins,0,1,2,2,1,0,29,24,16,29,29,5,24,24,19,22
11267682,49ers,0,1,3,2,0,1,23,17,28,23,28,25,29,10,1,4
11267703,Jets,0,1,3,3,0,1,25,13,30,9,27,3,9,21,30,28
11267675,Panthers,0,1,3,2,0,2,14,32,7,30,12,21,18,16,24,16
11267705,Falcons,0,1,3,2,0,2,15,14,18,10,24,5,10,29,4,23
11267686,Chargers,0,1,3,1,0,3,5,15,23,6,18,9,13,14,27,18
11267674,Patriots,0,1,3,2,0,2,9,8,26,15,1,26,3,18,31,27
11267681,Giants,0,1,3,2,0,2,11,6,13,25,16,30,26,3,21,5
11267699,Browns,0,1,3,2,0,2,17,10,4,29,25,14,27,11,14,10
11267697,Seahawks,0,1,3,2,0,2,12,7,16,17,23,10,21,17,7,14
11267680,Bills,0,1,3,1,1,2,8,4,8,21,7,22,12,2,17,2
11267702,Commanders,0,1,3,3,0,1,30,27,32,13,14,13,14,30,26,31
11267683,Rams,0,1,3,3,0,1,31,28,19,28,15,12,16,7,15,8
11267678,Packers,0,1,3,3,0,1,27,25,6,19,10,17,15,5,23,11
11267687,Bengals,0,1,3,1,0,3,4,12,10,11,3,18,4,20,18,15
11267701,Bears,0,1,3,3,0,1,26,23,9,27,17,23,22,31,6,26
11267685,Broncos,0,1,3,3,0,1,28,16,25,22,29,15,28,12,20,13
11267694,Buccaneers,0,1,3,2,0,2,21,18,31,3,2,8,2,22,32,32
11267679,Lions,0,1,3,2,0,2,20,24,5,31,8,29,19,9,16,12
11267684,Ravens,0,1,3,2,0,2,16,9,22,14,11,16,17,32,2,22
11267677,Chiefs,0,1,3,2,0,2,19,26,11,8,13,27,24,6,19,7
11267691,Dolphins,0,1,3,2,1,1,22,29,14,26,31,4,25,19,22,21
11267693,Saints,0,1,3,3,0,1,29,30,29,18,21,20,23,26,28,30
11267700,Texans,0,1,3,2,0,1,24,19,27,12,22,31,30,8,13,6
11267698,Steelers,0,1,3,1,0,3,6,11,20,4,5,11,6,15,25,17
11267695,Cardinals,0,1,3,0,0,4,1,3,2,1,6,6,1,27,11,24
11267704,Vikings,0,1,3,2,0,2,10,5,17,16,19,19,20,25,10,20
11267676,Cowboys,0,1,3,2,0,2,13,22,21,20,4,24,11,23,29,29
11267692,Raiders,0,1,3,2,0,2,18,21,15,7,20,1,5,24,9,19
11267688,Jaguars,0,1,3,1,0,2,7,20,3,24,30,28,31,4,3,3
11267689,Titans,0,1,3,3,0,0,32,31,24,32,32,32,32,1,5,1
11267690,Colts,0,1,3,0,0,4,2,1,1,2,9,7,7,13,8,9
11267696,Eagles,0,1,3,0,0,4,3,2,12,5,26,2,8,28,12,25
11276316,Chiefs,0,1,4,2,0,2,17,19,10,9,15,29,26,4,18,3
11276331,Jaguars,0,1,4,2,0,2,13,7,14,28,24,26,30,19,5,13
11276320,Lions,0,1,4,2,0,2,21,20,4,31,9,30,21,6,14,8
11276337,Seahawks,0,1,4,2,0,2,9,12,16,18,25,10,23,14,6,11
11276344,Vikings,0,1,4,2,0,2,10,10,17,17,21,20,22,23,9,19
11276343,Jets,0,1,4,3,0,1,25,25,30,11,29,3,10,18,30,28
11276330,Bengals,0,1,4,1,0,3,4,4,9,13,3,19,4,17,17,14
11276338,Steelers,0,1,4,1,0,3,6,6,20,4,6,11,6,12,25,16
11276345,Falcons,0,1,4,2,0,2,20,15,18,12,26,5,11,29,3,22
11276329,Chargers,0,1,4,1,0,3,5,5,24,6,20,9,15,10,27,17
11276339,Browns,0,1,4,2,0,2,15,17,3,29,27,15,29,7,12,6
11276328,Broncos,0,1,4,3,0,1,28,28,25,23,31,16,31,8,19,9
11276327,Ravens,0,1,4,2,0,2,14,16,22,15,13,17,19,32,1,21
11276340,Texans,0,1,4,2,0,2,23,24,27,8,4,24,9,24,21,26
11276326,Cowboys,0,1,4,2,0,2,12,13,21,21,5,27,12,21,29,29
11276325,49ers,0,1,4,2,0,2,18,23,23,10,11,14,13,25,2,12
11276324,Panthers,0,1,4,2,0,2,19,14,6,30,14,22,20,13,24,15
11276342,Commanders,0,1,4,3,0,1,30,30,32,14,16,13,16,30,26,31
11276317,Dolphins,0,1,4,2,1,1,24,22,13,25,32,4,27,16,22,20
11276314,Patriots,0,1,4,2,0,2,8,9,26,16,1,28,3,15,31,27
11276319,Rams,0,1,4,3,0,1,31,31,19,27,17,12,18,5,13,4
11276323,Bills,0,1,4,1,1,2,7,8,7,22,8,23,14,1,16,1
11276315,Packers,0,1,4,3,0,1,27,27,5,20,12,18,17,3,23,7
11276322,Buccaneers,0,1,4,2,0,2,22,21,31,3,2,8,2,20,32,32
11276321,Colts,0,1,4,0,0,4,2,2,1,2,10,7,7,9,7,5
11276318,Giants,0,1,4,2,0,2,11,11,12,24,18,31,28,2,20,2
11276334,Saints,0,1,4,3,0,1,29,29,29,19,23,21,25,26,28,30
11276333,Raiders,0,1,4,2,0,2,16,18,15,7,22,1,5,22,8,18
11276336,Eagles,0,1,4,0,0,4,3,3,11,5,28,2,8,28,11,24
11276335,Cardinals,0,1,4,0,0,4,1,1,2,1,7,6,1,27,10,23
11276341,Bears,0,1,4,3,0,1,26,26,8,26,19,25,24,31,4,25
11276332,Titans,0,1,4,4,0,0,32,32,28,32,30,32,32,11,15,10
